username,password
generated_user_1,defaultPassword123
generated_user_2,defaultPassword123
generated_user_3,defaultPassword123
generated_user_4,defaultPassword123
generated_user_5,defaultPassword123
generated_user_6,defaultPassword123
generated_user_7,defaultPassword123
generated_user_8,defaultPassword123
generated_user_9,defaultPassword123
generated_user_10,defaultPassword123
generated_user_11,defaultPassword123
generated_user_12,defaultPassword123
generated_user_13,defaultPassword123
generated_user_14,defaultPassword123
generated_user_15,defaultPassword123
generated_user_16,defaultPassword123
generated_user_17,defaultPassword123
generated_user_18,defaultPassword123
generated_user_19,defaultPassword123
generated_user_20,defaultPassword123
generated_user_21,defaultPassword123
generated_user_22,defaultPassword123
generated_user_23,defaultPassword123
generated_user_24,defaultPassword123
generated_user_25,defaultPassword123
generated_user_26,defaultPassword123
generated_user_27,defaultPassword123
generated_user_28,defaultPassword123
generated_user_29,defaultPassword123
generated_user_30,defaultPassword123
generated_user_31,defaultPassword123
generated_user_32,defaultPassword123
generated_user_33,defaultPassword123
generated_user_34,defaultPassword123
generated_user_35,defaultPassword123
generated_user_36,defaultPassword123
generated_user_37,defaultPassword123
generated_user_38,defaultPassword123
generated_user_39,defaultPassword123
generated_user_40,defaultPassword123
generated_user_41,defaultPassword123
generated_user_42,defaultPassword123
generated_user_43,defaultPassword123
generated_user_44,defaultPassword123
generated_user_45,defaultPassword123
generated_user_46,defaultPassword123
generated_user_47,defaultPassword123
generated_user_48,defaultPassword123
generated_user_49,defaultPassword123
generated_user_50,defaultPassword123
generated_user_51,defaultPassword123
generated_user_52,defaultPassword123
generated_user_53,defaultPassword123
generated_user_54,defaultPassword123
generated_user_55,defaultPassword123
generated_user_56,defaultPassword123
generated_user_57,defaultPassword123
generated_user_58,defaultPassword123
generated_user_59,defaultPassword123
generated_user_60,defaultPassword123
generated_user_61,defaultPassword123
generated_user_62,defaultPassword123
generated_user_63,defaultPassword123
generated_user_64,defaultPassword123
generated_user_65,defaultPassword123
generated_user_66,defaultPassword123
generated_user_67,defaultPassword123
generated_user_68,defaultPassword123
generated_user_69,defaultPassword123
generated_user_70,defaultPassword123
generated_user_71,defaultPassword123
generated_user_72,defaultPassword123
generated_user_73,defaultPassword123
generated_user_74,defaultPassword123
generated_user_75,defaultPassword123
generated_user_76,defaultPassword123
generated_user_77,defaultPassword123
generated_user_78,defaultPassword123
generated_user_79,defaultPassword123
generated_user_80,defaultPassword123
generated_user_81,defaultPassword123
generated_user_82,defaultPassword123
generated_user_83,defaultPassword123
generated_user_84,defaultPassword123
generated_user_85,defaultPassword123
generated_user_86,defaultPassword123
generated_user_87,defaultPassword123
generated_user_88,defaultPassword123
generated_user_89,defaultPassword123
generated_user_90,defaultPassword123
generated_user_91,defaultPassword123
generated_user_92,defaultPassword123
generated_user_93,defaultPassword123
generated_user_94,defaultPassword123
generated_user_95,defaultPassword123
generated_user_96,defaultPassword123
generated_user_97,defaultPassword123
generated_user_98,defaultPassword123
generated_user_99,defaultPassword123
generated_user_100,defaultPassword123
generated_user_101,defaultPassword123
generated_user_102,defaultPassword123
generated_user_103,defaultPassword123
generated_user_104,defaultPassword123
generated_user_105,defaultPassword123
generated_user_106,defaultPassword123
generated_user_107,defaultPassword123
generated_user_108,defaultPassword123
generated_user_109,defaultPassword123
generated_user_110,defaultPassword123
generated_user_111,defaultPassword123
generated_user_112,defaultPassword123
generated_user_113,defaultPassword123
generated_user_114,defaultPassword123
generated_user_115,defaultPassword123
generated_user_116,defaultPassword123
generated_user_117,defaultPassword123
generated_user_118,defaultPassword123
generated_user_119,defaultPassword123
generated_user_120,defaultPassword123
generated_user_121,defaultPassword123
generated_user_122,defaultPassword123
generated_user_123,defaultPassword123
generated_user_124,defaultPassword123
generated_user_125,defaultPassword123
generated_user_126,defaultPassword123
generated_user_127,defaultPassword123
generated_user_128,defaultPassword123
generated_user_129,defaultPassword123
generated_user_130,defaultPassword123
generated_user_131,defaultPassword123
generated_user_132,defaultPassword123
generated_user_133,defaultPassword123
generated_user_134,defaultPassword123
generated_user_135,defaultPassword123
generated_user_136,defaultPassword123
generated_user_137,defaultPassword123
generated_user_138,defaultPassword123
generated_user_139,defaultPassword123
generated_user_140,defaultPassword123
generated_user_141,defaultPassword123
generated_user_142,defaultPassword123
generated_user_143,defaultPassword123
generated_user_144,defaultPassword123
generated_user_145,defaultPassword123
generated_user_146,defaultPassword123
generated_user_147,defaultPassword123
generated_user_148,defaultPassword123
generated_user_149,defaultPassword123
generated_user_150,defaultPassword123
generated_user_151,defaultPassword123
generated_user_152,defaultPassword123
generated_user_153,defaultPassword123
generated_user_154,defaultPassword123
generated_user_155,defaultPassword123
generated_user_156,defaultPassword123
generated_user_157,defaultPassword123
generated_user_158,defaultPassword123
generated_user_159,defaultPassword123
generated_user_160,defaultPassword123
generated_user_161,defaultPassword123
generated_user_162,defaultPassword123
generated_user_163,defaultPassword123
generated_user_164,defaultPassword123
generated_user_165,defaultPassword123
generated_user_166,defaultPassword123
generated_user_167,defaultPassword123
generated_user_168,defaultPassword123
generated_user_169,defaultPassword123
generated_user_170,defaultPassword123
generated_user_171,defaultPassword123
generated_user_172,defaultPassword123
generated_user_173,defaultPassword123
generated_user_174,defaultPassword123
generated_user_175,defaultPassword123
generated_user_176,defaultPassword123
generated_user_177,defaultPassword123
generated_user_178,defaultPassword123
generated_user_179,defaultPassword123
generated_user_180,defaultPassword123
generated_user_181,defaultPassword123
generated_user_182,defaultPassword123
generated_user_183,defaultPassword123
generated_user_184,defaultPassword123
generated_user_185,defaultPassword123
generated_user_186,defaultPassword123
generated_user_187,defaultPassword123
generated_user_188,defaultPassword123
generated_user_189,defaultPassword123
generated_user_190,defaultPassword123
generated_user_191,defaultPassword123
generated_user_192,defaultPassword123
generated_user_193,defaultPassword123
generated_user_194,defaultPassword123
generated_user_195,defaultPassword123
generated_user_196,defaultPassword123
generated_user_197,defaultPassword123
generated_user_198,defaultPassword123
generated_user_199,defaultPassword123
generated_user_200,defaultPassword123
generated_user_201,defaultPassword123
generated_user_202,defaultPassword123
generated_user_203,defaultPassword123
generated_user_204,defaultPassword123
generated_user_205,defaultPassword123
generated_user_206,defaultPassword123
generated_user_207,defaultPassword123
generated_user_208,defaultPassword123
generated_user_209,defaultPassword123
generated_user_210,defaultPassword123
generated_user_211,defaultPassword123
generated_user_212,defaultPassword123
generated_user_213,defaultPassword123
generated_user_214,defaultPassword123
generated_user_215,defaultPassword123
generated_user_216,defaultPassword123
generated_user_217,defaultPassword123
generated_user_218,defaultPassword123
generated_user_219,defaultPassword123
generated_user_220,defaultPassword123
generated_user_221,defaultPassword123
generated_user_222,defaultPassword123
generated_user_223,defaultPassword123
generated_user_224,defaultPassword123
generated_user_225,defaultPassword123
generated_user_226,defaultPassword123
generated_user_227,defaultPassword123
generated_user_228,defaultPassword123
generated_user_229,defaultPassword123
generated_user_230,defaultPassword123
generated_user_231,defaultPassword123
generated_user_232,defaultPassword123
generated_user_233,defaultPassword123
generated_user_234,defaultPassword123
generated_user_235,defaultPassword123
generated_user_236,defaultPassword123
generated_user_237,defaultPassword123
generated_user_238,defaultPassword123
generated_user_239,defaultPassword123
generated_user_240,defaultPassword123
generated_user_241,defaultPassword123
generated_user_242,defaultPassword123
generated_user_243,defaultPassword123
generated_user_244,defaultPassword123
generated_user_245,defaultPassword123
generated_user_246,defaultPassword123
generated_user_247,defaultPassword123
generated_user_248,defaultPassword123
generated_user_249,defaultPassword123
generated_user_250,defaultPassword123
generated_user_251,defaultPassword123
generated_user_252,defaultPassword123
generated_user_253,defaultPassword123
generated_user_254,defaultPassword123
generated_user_255,defaultPassword123
generated_user_256,defaultPassword123
generated_user_257,defaultPassword123
generated_user_258,defaultPassword123
generated_user_259,defaultPassword123
generated_user_260,defaultPassword123
generated_user_261,defaultPassword123
generated_user_262,defaultPassword123
generated_user_263,defaultPassword123
generated_user_264,defaultPassword123
generated_user_265,defaultPassword123
generated_user_266,defaultPassword123
generated_user_267,defaultPassword123
generated_user_268,defaultPassword123
generated_user_269,defaultPassword123
generated_user_270,defaultPassword123
generated_user_271,defaultPassword123
generated_user_272,defaultPassword123
generated_user_273,defaultPassword123
generated_user_274,defaultPassword123
generated_user_275,defaultPassword123
generated_user_276,defaultPassword123
generated_user_277,defaultPassword123
generated_user_278,defaultPassword123
generated_user_279,defaultPassword123
generated_user_280,defaultPassword123
generated_user_281,defaultPassword123
generated_user_282,defaultPassword123
generated_user_283,defaultPassword123
generated_user_284,defaultPassword123
generated_user_285,defaultPassword123
generated_user_286,defaultPassword123
generated_user_287,defaultPassword123
generated_user_288,defaultPassword123
generated_user_289,defaultPassword123
generated_user_290,defaultPassword123
generated_user_291,defaultPassword123
generated_user_292,defaultPassword123
generated_user_293,defaultPassword123
generated_user_294,defaultPassword123
generated_user_295,defaultPassword123
generated_user_296,defaultPassword123
generated_user_297,defaultPassword123
generated_user_298,defaultPassword123
generated_user_299,defaultPassword123
generated_user_300,defaultPassword123
generated_user_301,defaultPassword123
generated_user_302,defaultPassword123
generated_user_303,defaultPassword123
generated_user_304,defaultPassword123
generated_user_305,defaultPassword123
generated_user_306,defaultPassword123
generated_user_307,defaultPassword123
generated_user_308,defaultPassword123
generated_user_309,defaultPassword123
generated_user_310,defaultPassword123
generated_user_311,defaultPassword123
generated_user_312,defaultPassword123
generated_user_313,defaultPassword123
generated_user_314,defaultPassword123
generated_user_315,defaultPassword123
generated_user_316,defaultPassword123
generated_user_317,defaultPassword123
generated_user_318,defaultPassword123
generated_user_319,defaultPassword123
generated_user_320,defaultPassword123
generated_user_321,defaultPassword123
generated_user_322,defaultPassword123
generated_user_323,defaultPassword123
generated_user_324,defaultPassword123
generated_user_325,defaultPassword123
generated_user_326,defaultPassword123
generated_user_327,defaultPassword123
generated_user_328,defaultPassword123
generated_user_329,defaultPassword123
generated_user_330,defaultPassword123
generated_user_331,defaultPassword123
generated_user_332,defaultPassword123
generated_user_333,defaultPassword123
generated_user_334,defaultPassword123
generated_user_335,defaultPassword123
generated_user_336,defaultPassword123
generated_user_337,defaultPassword123
generated_user_338,defaultPassword123
generated_user_339,defaultPassword123
generated_user_340,defaultPassword123
generated_user_341,defaultPassword123
generated_user_342,defaultPassword123
generated_user_343,defaultPassword123
generated_user_344,defaultPassword123
generated_user_345,defaultPassword123
generated_user_346,defaultPassword123
generated_user_347,defaultPassword123
generated_user_348,defaultPassword123
generated_user_349,defaultPassword123
generated_user_350,defaultPassword123
generated_user_351,defaultPassword123
generated_user_352,defaultPassword123
generated_user_353,defaultPassword123
generated_user_354,defaultPassword123
generated_user_355,defaultPassword123
generated_user_356,defaultPassword123
generated_user_357,defaultPassword123
generated_user_358,defaultPassword123
generated_user_359,defaultPassword123
generated_user_360,defaultPassword123
generated_user_361,defaultPassword123
generated_user_362,defaultPassword123
generated_user_363,defaultPassword123
generated_user_364,defaultPassword123
generated_user_365,defaultPassword123
generated_user_366,defaultPassword123
generated_user_367,defaultPassword123
generated_user_368,defaultPassword123
generated_user_369,defaultPassword123
generated_user_370,defaultPassword123
generated_user_371,defaultPassword123
generated_user_372,defaultPassword123
generated_user_373,defaultPassword123
generated_user_374,defaultPassword123
generated_user_375,defaultPassword123
generated_user_376,defaultPassword123
generated_user_377,defaultPassword123
generated_user_378,defaultPassword123
generated_user_379,defaultPassword123
generated_user_380,defaultPassword123
generated_user_381,defaultPassword123
generated_user_382,defaultPassword123
generated_user_383,defaultPassword123
generated_user_384,defaultPassword123
generated_user_385,defaultPassword123
generated_user_386,defaultPassword123
generated_user_387,defaultPassword123
generated_user_388,defaultPassword123
generated_user_389,defaultPassword123
generated_user_390,defaultPassword123
generated_user_391,defaultPassword123
generated_user_392,defaultPassword123
generated_user_393,defaultPassword123
generated_user_394,defaultPassword123
generated_user_395,defaultPassword123
generated_user_396,defaultPassword123
generated_user_397,defaultPassword123
generated_user_398,defaultPassword123
generated_user_399,defaultPassword123
generated_user_400,defaultPassword123
generated_user_401,defaultPassword123
generated_user_402,defaultPassword123
generated_user_403,defaultPassword123
generated_user_404,defaultPassword123
generated_user_405,defaultPassword123
generated_user_406,defaultPassword123
generated_user_407,defaultPassword123
generated_user_408,defaultPassword123
generated_user_409,defaultPassword123
generated_user_410,defaultPassword123
generated_user_411,defaultPassword123
generated_user_412,defaultPassword123
generated_user_413,defaultPassword123
generated_user_414,defaultPassword123
generated_user_415,defaultPassword123
generated_user_416,defaultPassword123
generated_user_417,defaultPassword123
generated_user_418,defaultPassword123
generated_user_419,defaultPassword123
generated_user_420,defaultPassword123
generated_user_421,defaultPassword123
generated_user_422,defaultPassword123
generated_user_423,defaultPassword123
generated_user_424,defaultPassword123
generated_user_425,defaultPassword123
generated_user_426,defaultPassword123
generated_user_427,defaultPassword123
generated_user_428,defaultPassword123
generated_user_429,defaultPassword123
generated_user_430,defaultPassword123
generated_user_431,defaultPassword123
generated_user_432,defaultPassword123
generated_user_433,defaultPassword123
generated_user_434,defaultPassword123
generated_user_435,defaultPassword123
generated_user_436,defaultPassword123
generated_user_437,defaultPassword123
generated_user_438,defaultPassword123
generated_user_439,defaultPassword123
generated_user_440,defaultPassword123
generated_user_441,defaultPassword123
generated_user_442,defaultPassword123
generated_user_443,defaultPassword123
generated_user_444,defaultPassword123
generated_user_445,defaultPassword123
generated_user_446,defaultPassword123
generated_user_447,defaultPassword123
generated_user_448,defaultPassword123
generated_user_449,defaultPassword123
generated_user_450,defaultPassword123
generated_user_451,defaultPassword123
generated_user_452,defaultPassword123
generated_user_453,defaultPassword123
generated_user_454,defaultPassword123
generated_user_455,defaultPassword123
generated_user_456,defaultPassword123
generated_user_457,defaultPassword123
generated_user_458,defaultPassword123
generated_user_459,defaultPassword123
generated_user_460,defaultPassword123
generated_user_461,defaultPassword123
generated_user_462,defaultPassword123
generated_user_463,defaultPassword123
generated_user_464,defaultPassword123
generated_user_465,defaultPassword123
generated_user_466,defaultPassword123
generated_user_467,defaultPassword123
generated_user_468,defaultPassword123
generated_user_469,defaultPassword123
generated_user_470,defaultPassword123
generated_user_471,defaultPassword123
generated_user_472,defaultPassword123
generated_user_473,defaultPassword123
generated_user_474,defaultPassword123
generated_user_475,defaultPassword123
generated_user_476,defaultPassword123
generated_user_477,defaultPassword123
generated_user_478,defaultPassword123
generated_user_479,defaultPassword123
generated_user_480,defaultPassword123
generated_user_481,defaultPassword123
generated_user_482,defaultPassword123
generated_user_483,defaultPassword123
generated_user_484,defaultPassword123
generated_user_485,defaultPassword123
generated_user_486,defaultPassword123
generated_user_487,defaultPassword123
generated_user_488,defaultPassword123
generated_user_489,defaultPassword123
generated_user_490,defaultPassword123
generated_user_491,defaultPassword123
generated_user_492,defaultPassword123
generated_user_493,defaultPassword123
generated_user_494,defaultPassword123
generated_user_495,defaultPassword123
generated_user_496,defaultPassword123
generated_user_497,defaultPassword123
generated_user_498,defaultPassword123
generated_user_499,defaultPassword123
generated_user_500,defaultPassword123
generated_user_501,defaultPassword123
generated_user_502,defaultPassword123
generated_user_503,defaultPassword123
generated_user_504,defaultPassword123
generated_user_505,defaultPassword123
generated_user_506,defaultPassword123
generated_user_507,defaultPassword123
generated_user_508,defaultPassword123
generated_user_509,defaultPassword123
generated_user_510,defaultPassword123
generated_user_511,defaultPassword123
generated_user_512,defaultPassword123
generated_user_513,defaultPassword123
generated_user_514,defaultPassword123
generated_user_515,defaultPassword123
generated_user_516,defaultPassword123
generated_user_517,defaultPassword123
generated_user_518,defaultPassword123
generated_user_519,defaultPassword123
generated_user_520,defaultPassword123
generated_user_521,defaultPassword123
generated_user_522,defaultPassword123
generated_user_523,defaultPassword123
generated_user_524,defaultPassword123
generated_user_525,defaultPassword123
generated_user_526,defaultPassword123
generated_user_527,defaultPassword123
generated_user_528,defaultPassword123
generated_user_529,defaultPassword123
generated_user_530,defaultPassword123
generated_user_531,defaultPassword123
generated_user_532,defaultPassword123
generated_user_533,defaultPassword123
generated_user_534,defaultPassword123
generated_user_535,defaultPassword123
generated_user_536,defaultPassword123
generated_user_537,defaultPassword123
generated_user_538,defaultPassword123
generated_user_539,defaultPassword123
generated_user_540,defaultPassword123
generated_user_541,defaultPassword123
generated_user_542,defaultPassword123
generated_user_543,defaultPassword123
generated_user_544,defaultPassword123
generated_user_545,defaultPassword123
generated_user_546,defaultPassword123
generated_user_547,defaultPassword123
generated_user_548,defaultPassword123
generated_user_549,defaultPassword123
generated_user_550,defaultPassword123
generated_user_551,defaultPassword123
generated_user_552,defaultPassword123
generated_user_553,defaultPassword123
generated_user_554,defaultPassword123
generated_user_555,defaultPassword123
generated_user_556,defaultPassword123
generated_user_557,defaultPassword123
generated_user_558,defaultPassword123
generated_user_559,defaultPassword123
generated_user_560,defaultPassword123
generated_user_561,defaultPassword123
generated_user_562,defaultPassword123
generated_user_563,defaultPassword123
generated_user_564,defaultPassword123
generated_user_565,defaultPassword123
generated_user_566,defaultPassword123
generated_user_567,defaultPassword123
generated_user_568,defaultPassword123
generated_user_569,defaultPassword123
generated_user_570,defaultPassword123
generated_user_571,defaultPassword123
generated_user_572,defaultPassword123
generated_user_573,defaultPassword123
generated_user_574,defaultPassword123
generated_user_575,defaultPassword123
generated_user_576,defaultPassword123
generated_user_577,defaultPassword123
generated_user_578,defaultPassword123
generated_user_579,defaultPassword123
generated_user_580,defaultPassword123
generated_user_581,defaultPassword123
generated_user_582,defaultPassword123
generated_user_583,defaultPassword123
generated_user_584,defaultPassword123
generated_user_585,defaultPassword123
generated_user_586,defaultPassword123
generated_user_587,defaultPassword123
generated_user_588,defaultPassword123
generated_user_589,defaultPassword123
generated_user_590,defaultPassword123
generated_user_591,defaultPassword123
generated_user_592,defaultPassword123
generated_user_593,defaultPassword123
generated_user_594,defaultPassword123
generated_user_595,defaultPassword123
generated_user_596,defaultPassword123
generated_user_597,defaultPassword123
generated_user_598,defaultPassword123
generated_user_599,defaultPassword123
generated_user_600,defaultPassword123
generated_user_601,defaultPassword123
generated_user_602,defaultPassword123
generated_user_603,defaultPassword123
generated_user_604,defaultPassword123
generated_user_605,defaultPassword123
generated_user_606,defaultPassword123
generated_user_607,defaultPassword123
generated_user_608,defaultPassword123
generated_user_609,defaultPassword123
generated_user_610,defaultPassword123
generated_user_611,defaultPassword123
generated_user_612,defaultPassword123
generated_user_613,defaultPassword123
generated_user_614,defaultPassword123
generated_user_615,defaultPassword123
generated_user_616,defaultPassword123
generated_user_617,defaultPassword123
generated_user_618,defaultPassword123
generated_user_619,defaultPassword123
generated_user_620,defaultPassword123
generated_user_621,defaultPassword123
generated_user_622,defaultPassword123
generated_user_623,defaultPassword123
generated_user_624,defaultPassword123
generated_user_625,defaultPassword123
generated_user_626,defaultPassword123
generated_user_627,defaultPassword123
generated_user_628,defaultPassword123
generated_user_629,defaultPassword123
generated_user_630,defaultPassword123
generated_user_631,defaultPassword123
generated_user_632,defaultPassword123
generated_user_633,defaultPassword123
generated_user_634,defaultPassword123
generated_user_635,defaultPassword123
generated_user_636,defaultPassword123
generated_user_637,defaultPassword123
generated_user_638,defaultPassword123
generated_user_639,defaultPassword123
generated_user_640,defaultPassword123
generated_user_641,defaultPassword123
generated_user_642,defaultPassword123
generated_user_643,defaultPassword123
generated_user_644,defaultPassword123
generated_user_645,defaultPassword123
generated_user_646,defaultPassword123
generated_user_647,defaultPassword123
generated_user_648,defaultPassword123
generated_user_649,defaultPassword123
generated_user_650,defaultPassword123
generated_user_651,defaultPassword123
generated_user_652,defaultPassword123
generated_user_653,defaultPassword123
generated_user_654,defaultPassword123
generated_user_655,defaultPassword123
generated_user_656,defaultPassword123
generated_user_657,defaultPassword123
generated_user_658,defaultPassword123
generated_user_659,defaultPassword123
generated_user_660,defaultPassword123
generated_user_661,defaultPassword123
generated_user_662,defaultPassword123
generated_user_663,defaultPassword123
generated_user_664,defaultPassword123
generated_user_665,defaultPassword123
generated_user_666,defaultPassword123
generated_user_667,defaultPassword123
generated_user_668,defaultPassword123
generated_user_669,defaultPassword123
generated_user_670,defaultPassword123
generated_user_671,defaultPassword123
generated_user_672,defaultPassword123
generated_user_673,defaultPassword123
generated_user_674,defaultPassword123
generated_user_675,defaultPassword123
generated_user_676,defaultPassword123
generated_user_677,defaultPassword123
generated_user_678,defaultPassword123
generated_user_679,defaultPassword123
generated_user_680,defaultPassword123
generated_user_681,defaultPassword123
generated_user_682,defaultPassword123
generated_user_683,defaultPassword123
generated_user_684,defaultPassword123
generated_user_685,defaultPassword123
generated_user_686,defaultPassword123
generated_user_687,defaultPassword123
generated_user_688,defaultPassword123
generated_user_689,defaultPassword123
generated_user_690,defaultPassword123
generated_user_691,defaultPassword123
generated_user_692,defaultPassword123
generated_user_693,defaultPassword123
generated_user_694,defaultPassword123
generated_user_695,defaultPassword123
generated_user_696,defaultPassword123
generated_user_697,defaultPassword123
generated_user_698,defaultPassword123
generated_user_699,defaultPassword123
generated_user_700,defaultPassword123
generated_user_701,defaultPassword123
generated_user_702,defaultPassword123
generated_user_703,defaultPassword123
generated_user_704,defaultPassword123
generated_user_705,defaultPassword123
generated_user_706,defaultPassword123
generated_user_707,defaultPassword123
generated_user_708,defaultPassword123
generated_user_709,defaultPassword123
generated_user_710,defaultPassword123
generated_user_711,defaultPassword123
generated_user_712,defaultPassword123
generated_user_713,defaultPassword123
generated_user_714,defaultPassword123
generated_user_715,defaultPassword123
generated_user_716,defaultPassword123
generated_user_717,defaultPassword123
generated_user_718,defaultPassword123
generated_user_719,defaultPassword123
generated_user_720,defaultPassword123
generated_user_721,defaultPassword123
generated_user_722,defaultPassword123
generated_user_723,defaultPassword123
generated_user_724,defaultPassword123
generated_user_725,defaultPassword123
generated_user_726,defaultPassword123
generated_user_727,defaultPassword123
generated_user_728,defaultPassword123
generated_user_729,defaultPassword123
generated_user_730,defaultPassword123
generated_user_731,defaultPassword123
generated_user_732,defaultPassword123
generated_user_733,defaultPassword123
generated_user_734,defaultPassword123
generated_user_735,defaultPassword123
generated_user_736,defaultPassword123
generated_user_737,defaultPassword123
generated_user_738,defaultPassword123
generated_user_739,defaultPassword123
generated_user_740,defaultPassword123
generated_user_741,defaultPassword123
generated_user_742,defaultPassword123
generated_user_743,defaultPassword123
generated_user_744,defaultPassword123
generated_user_745,defaultPassword123
generated_user_746,defaultPassword123
generated_user_747,defaultPassword123
generated_user_748,defaultPassword123
generated_user_749,defaultPassword123
generated_user_750,defaultPassword123
generated_user_751,defaultPassword123
generated_user_752,defaultPassword123
generated_user_753,defaultPassword123
generated_user_754,defaultPassword123
generated_user_755,defaultPassword123
generated_user_756,defaultPassword123
generated_user_757,defaultPassword123
generated_user_758,defaultPassword123
generated_user_759,defaultPassword123
generated_user_760,defaultPassword123
generated_user_761,defaultPassword123
generated_user_762,defaultPassword123
generated_user_763,defaultPassword123
generated_user_764,defaultPassword123
generated_user_765,defaultPassword123
generated_user_766,defaultPassword123
generated_user_767,defaultPassword123
generated_user_768,defaultPassword123
generated_user_769,defaultPassword123
generated_user_770,defaultPassword123
generated_user_771,defaultPassword123
generated_user_772,defaultPassword123
generated_user_773,defaultPassword123
generated_user_774,defaultPassword123
generated_user_775,defaultPassword123
generated_user_776,defaultPassword123
generated_user_777,defaultPassword123
generated_user_778,defaultPassword123
generated_user_779,defaultPassword123
generated_user_780,defaultPassword123
generated_user_781,defaultPassword123
generated_user_782,defaultPassword123
generated_user_783,defaultPassword123
generated_user_784,defaultPassword123
generated_user_785,defaultPassword123
generated_user_786,defaultPassword123
generated_user_787,defaultPassword123
generated_user_788,defaultPassword123
generated_user_789,defaultPassword123
generated_user_790,defaultPassword123
generated_user_791,defaultPassword123
generated_user_792,defaultPassword123
generated_user_793,defaultPassword123
generated_user_794,defaultPassword123
generated_user_795,defaultPassword123
generated_user_796,defaultPassword123
generated_user_797,defaultPassword123
generated_user_798,defaultPassword123
generated_user_799,defaultPassword123
generated_user_800,defaultPassword123
generated_user_801,defaultPassword123
generated_user_802,defaultPassword123
generated_user_803,defaultPassword123
generated_user_804,defaultPassword123
generated_user_805,defaultPassword123
generated_user_806,defaultPassword123
generated_user_807,defaultPassword123
generated_user_808,defaultPassword123
generated_user_809,defaultPassword123
generated_user_810,defaultPassword123
generated_user_811,defaultPassword123
generated_user_812,defaultPassword123
generated_user_813,defaultPassword123
generated_user_814,defaultPassword123
generated_user_815,defaultPassword123
generated_user_816,defaultPassword123
generated_user_817,defaultPassword123
generated_user_818,defaultPassword123
generated_user_819,defaultPassword123
generated_user_820,defaultPassword123
generated_user_821,defaultPassword123
generated_user_822,defaultPassword123
generated_user_823,defaultPassword123
generated_user_824,defaultPassword123
generated_user_825,defaultPassword123
generated_user_826,defaultPassword123
generated_user_827,defaultPassword123
generated_user_828,defaultPassword123
generated_user_829,defaultPassword123
generated_user_830,defaultPassword123
generated_user_831,defaultPassword123
generated_user_832,defaultPassword123
generated_user_833,defaultPassword123
generated_user_834,defaultPassword123
generated_user_835,defaultPassword123
generated_user_836,defaultPassword123
generated_user_837,defaultPassword123
generated_user_838,defaultPassword123
generated_user_839,defaultPassword123
generated_user_840,defaultPassword123
generated_user_841,defaultPassword123
generated_user_842,defaultPassword123
generated_user_843,defaultPassword123
generated_user_844,defaultPassword123
generated_user_845,defaultPassword123
generated_user_846,defaultPassword123
generated_user_847,defaultPassword123
generated_user_848,defaultPassword123
generated_user_849,defaultPassword123
generated_user_850,defaultPassword123
generated_user_851,defaultPassword123
generated_user_852,defaultPassword123
generated_user_853,defaultPassword123
generated_user_854,defaultPassword123
generated_user_855,defaultPassword123
generated_user_856,defaultPassword123
generated_user_857,defaultPassword123
generated_user_858,defaultPassword123
generated_user_859,defaultPassword123
generated_user_860,defaultPassword123
generated_user_861,defaultPassword123
generated_user_862,defaultPassword123
generated_user_863,defaultPassword123
generated_user_864,defaultPassword123
generated_user_865,defaultPassword123
generated_user_866,defaultPassword123
generated_user_867,defaultPassword123
generated_user_868,defaultPassword123
generated_user_869,defaultPassword123
generated_user_870,defaultPassword123
generated_user_871,defaultPassword123
generated_user_872,defaultPassword123
generated_user_873,defaultPassword123
generated_user_874,defaultPassword123
generated_user_875,defaultPassword123
generated_user_876,defaultPassword123
generated_user_877,defaultPassword123
generated_user_878,defaultPassword123
generated_user_879,defaultPassword123
generated_user_880,defaultPassword123
generated_user_881,defaultPassword123
generated_user_882,defaultPassword123
generated_user_883,defaultPassword123
generated_user_884,defaultPassword123
generated_user_885,defaultPassword123
generated_user_886,defaultPassword123
generated_user_887,defaultPassword123
generated_user_888,defaultPassword123
generated_user_889,defaultPassword123
generated_user_890,defaultPassword123
generated_user_891,defaultPassword123
generated_user_892,defaultPassword123
generated_user_893,defaultPassword123
generated_user_894,defaultPassword123
generated_user_895,defaultPassword123
generated_user_896,defaultPassword123
generated_user_897,defaultPassword123
generated_user_898,defaultPassword123
generated_user_899,defaultPassword123
generated_user_900,defaultPassword123
generated_user_901,defaultPassword123
generated_user_902,defaultPassword123
generated_user_903,defaultPassword123
generated_user_904,defaultPassword123
generated_user_905,defaultPassword123
generated_user_906,defaultPassword123
generated_user_907,defaultPassword123
generated_user_908,defaultPassword123
generated_user_909,defaultPassword123
generated_user_910,defaultPassword123
generated_user_911,defaultPassword123
generated_user_912,defaultPassword123
generated_user_913,defaultPassword123
generated_user_914,defaultPassword123
generated_user_915,defaultPassword123
generated_user_916,defaultPassword123
generated_user_917,defaultPassword123
generated_user_918,defaultPassword123
generated_user_919,defaultPassword123
generated_user_920,defaultPassword123
generated_user_921,defaultPassword123
generated_user_922,defaultPassword123
generated_user_923,defaultPassword123
generated_user_924,defaultPassword123
generated_user_925,defaultPassword123
generated_user_926,defaultPassword123
generated_user_927,defaultPassword123
generated_user_928,defaultPassword123
generated_user_929,defaultPassword123
generated_user_930,defaultPassword123
generated_user_931,defaultPassword123
generated_user_932,defaultPassword123
generated_user_933,defaultPassword123
generated_user_934,defaultPassword123
generated_user_935,defaultPassword123
generated_user_936,defaultPassword123
generated_user_937,defaultPassword123
generated_user_938,defaultPassword123
generated_user_939,defaultPassword123
generated_user_940,defaultPassword123
generated_user_941,defaultPassword123
generated_user_942,defaultPassword123
generated_user_943,defaultPassword123
generated_user_944,defaultPassword123
generated_user_945,defaultPassword123
generated_user_946,defaultPassword123
generated_user_947,defaultPassword123
generated_user_948,defaultPassword123
generated_user_949,defaultPassword123
generated_user_950,defaultPassword123
generated_user_951,defaultPassword123
generated_user_952,defaultPassword123
generated_user_953,defaultPassword123
generated_user_954,defaultPassword123
generated_user_955,defaultPassword123
generated_user_956,defaultPassword123
generated_user_957,defaultPassword123
generated_user_958,defaultPassword123
generated_user_959,defaultPassword123
generated_user_960,defaultPassword123
generated_user_961,defaultPassword123
generated_user_962,defaultPassword123
generated_user_963,defaultPassword123
generated_user_964,defaultPassword123
generated_user_965,defaultPassword123
generated_user_966,defaultPassword123
generated_user_967,defaultPassword123
generated_user_968,defaultPassword123
generated_user_969,defaultPassword123
generated_user_970,defaultPassword123
generated_user_971,defaultPassword123
generated_user_972,defaultPassword123
generated_user_973,defaultPassword123
generated_user_974,defaultPassword123
generated_user_975,defaultPassword123
generated_user_976,defaultPassword123
generated_user_977,defaultPassword123
generated_user_978,defaultPassword123
generated_user_979,defaultPassword123
generated_user_980,defaultPassword123
generated_user_981,defaultPassword123
generated_user_982,defaultPassword123
generated_user_983,defaultPassword123
generated_user_984,defaultPassword123
generated_user_985,defaultPassword123
generated_user_986,defaultPassword123
generated_user_987,defaultPassword123
generated_user_988,defaultPassword123
generated_user_989,defaultPassword123
generated_user_990,defaultPassword123
generated_user_991,defaultPassword123
generated_user_992,defaultPassword123
generated_user_993,defaultPassword123
generated_user_994,defaultPassword123
generated_user_995,defaultPassword123
generated_user_996,defaultPassword123
generated_user_997,defaultPassword123
generated_user_998,defaultPassword123
generated_user_999,defaultPassword123
generated_user_1000,defaultPassword123
